{"name":"api_allowance","path":"/api_allowance","elementKey":"designthejpanda-api-eskomsepush","displayName":"API Allowance","section":"","category":"","type":"standard","subType":"standard","custom":"no","deleted":false,"createdDate":"2023-01-12T06:16:12Z","updatedDate":"2023-01-12T06:42:48Z","metadata":{"method":{"GET":{"path":"/api_allowance","method":"GET","description":"Search for api_allowance","operationId":"getApi_allowance","operation":"List"}}},"fields":{},"resources":[{"path":"/api_allowance","vendorPath":"/api_allowance","method":"GET","vendorMethod":"GET","description":"Search for api_allowance","createdDate":"2023-01-12T06:16:12Z","updatedDate":"2023-01-12T06:42:48Z","type":"api","responseContentType":"application/json","parameters":[{"vendorName":"token","vendorType":"header","name":"token","type":"header","description":"License key obtained from EskomSePush","required":true,"dataType":"string","vendorDataType":"string","source":"request","createdDate":"2023-01-12T06:17:52Z","updatedDate":"2023-01-12T06:42:48Z"}],"hooks":[],"standardResourceName":"api_allowance","curated":{},"operation":"List"}]}