{"name":"areas_nearby","path":"/areas_nearby","elementKey":"designthejpanda-api-eskomsepush","displayName":"Areas Nearby (GPS)","section":"","category":"","type":"standard","subType":"standard","custom":"no","deleted":false,"createdDate":"2023-01-12T06:26:00Z","updatedDate":"2023-01-12T06:42:48Z","metadata":{"method":{"GET":{"path":"/areas_nearby","method":"GET","description":"Search for Areas Nearby (GPS)","operationId":"getAreas_nearby","operation":"List","parameters":[{"name":"lat","type":"query","description":"Latitude","required":true,"dataType":"string"},{"name":"lon","type":"query","description":"Longitude","required":true,"dataType":"string"}]}}},"fields":{},"resources":[{"path":"/areas_nearby","vendorPath":"/areas_nearby","method":"GET","vendorMethod":"GET","description":"Search for Areas Nearby (GPS)","createdDate":"2023-01-12T06:26:00Z","updatedDate":"2023-01-12T06:42:48Z","type":"api","responseContentType":"application/json","parameters":[{"vendorName":"lat","vendorType":"query","name":"lat","type":"query","description":"Latitude","required":true,"dataType":"string","vendorDataType":"string","source":"request","createdDate":"2023-01-12T06:26:41Z","updatedDate":"2023-01-12T06:42:48Z"},{"vendorName":"token","vendorType":"header","name":"token","type":"header","description":"License key obtained from EskomSePush","required":true,"dataType":"string","vendorDataType":"string","source":"request","createdDate":"2023-01-12T06:26:18Z","updatedDate":"2023-01-12T06:42:48Z"},{"vendorName":"lon","vendorType":"query","name":"lon","type":"query","description":"Longitude","required":true,"dataType":"string","vendorDataType":"string","source":"request","createdDate":"2023-01-12T06:26:54Z","updatedDate":"2023-01-12T06:42:48Z"}],"hooks":[],"standardResourceName":"areas_nearby","curated":{},"operation":"List"}]}