{"name":"areas_search","path":"/areas_search","elementKey":"designthejpanda-api-eskomsepush","displayName":"Areas Search (text)","section":"","category":"","type":"standard","subType":"standard","custom":"no","deleted":false,"createdDate":"2023-01-12T06:28:34Z","updatedDate":"2023-01-12T06:42:48Z","metadata":{"method":{"GET":{"path":"/areas_search","method":"GET","description":"Search for Areas Search (text)","operationId":"getAreas_search","operation":"List","parameters":[{"name":"text","type":"query","description":"Searchable location","required":true,"dataType":"string"}]}}},"fields":{},"resources":[{"path":"/areas_search","vendorPath":"/areas_search","method":"GET","vendorMethod":"GET","description":"Search for Areas Search (text)","createdDate":"2023-01-12T06:28:34Z","updatedDate":"2023-01-12T06:42:48Z","type":"api","responseContentType":"application/json","parameters":[{"vendorName":"token","vendorType":"header","name":"token","type":"header","description":"License key obtained from EskomSePush","required":true,"dataType":"string","vendorDataType":"string","source":"request","createdDate":"2023-01-12T06:28:49Z","updatedDate":"2023-01-12T06:42:48Z"},{"vendorName":"text","vendorType":"query","name":"text","type":"query","description":"Searchable location","required":true,"dataType":"string","vendorDataType":"string","source":"request","createdDate":"2023-01-12T06:29:09Z","updatedDate":"2023-01-12T06:42:48Z"}],"hooks":[],"standardResourceName":"areas_search","curated":{},"operation":"List"}]}