{"name":"area","path":"/area","elementKey":"designthejpanda-api-eskomsepush","displayName":"Area Information","section":"","category":"","type":"standard","subType":"standard","custom":"no","deleted":false,"createdDate":"2023-01-12T06:34:15Z","updatedDate":"2023-01-12T06:42:48Z","metadata":{"method":{"GET":{"path":"/area","method":"GET","description":"Search for Area Schedule","operationId":"getArea","operation":"List","parameters":[{"name":"id","type":"query","description":"ID of the area results should be returned for. The ID can be obtained from the Areas Nearby or Areas Search calls","required":true,"dataType":"string"}]}}},"fields":{},"resources":[{"path":"/area","vendorPath":"/area","method":"GET","vendorMethod":"GET","description":"Search for Area Schedule","createdDate":"2023-01-12T06:34:15Z","updatedDate":"2023-01-12T06:42:48Z","type":"api","responseContentType":"application/json","parameters":[{"vendorName":"id","vendorType":"query","name":"id","type":"query","description":"ID of the area results should be returned for. The ID can be obtained from the Areas Nearby or Areas Search calls","required":true,"dataType":"string","vendorDataType":"string","source":"request","createdDate":"2023-01-12T06:35:24Z","updatedDate":"2023-01-12T06:42:48Z"},{"vendorName":"token","vendorType":"header","name":"token","type":"header","description":"License key obtained from EskomSePush","required":true,"dataType":"string","vendorDataType":"string","source":"request","createdDate":"2023-01-12T06:34:37Z","updatedDate":"2023-01-12T06:42:48Z"}],"hooks":[],"standardResourceName":"area","curated":{},"operation":"List"}]}