{"name":"status","path":"/status","elementKey":"designthejpanda-api-eskomsepush","displayName":"Status","section":"","category":"","type":"standard","subType":"standard","custom":"no","deleted":false,"createdDate":"2023-01-12T06:24:10Z","updatedDate":"2023-01-12T06:42:48Z","metadata":{"method":{"GET":{"path":"/status","method":"GET","description":"Search for Status","operationId":"getStatus","operation":"List"}}},"fields":{},"resources":[{"path":"/status","vendorPath":"/status","method":"GET","vendorMethod":"GET","description":"Search for Status","createdDate":"2023-01-12T06:24:10Z","updatedDate":"2023-01-12T06:42:48Z","type":"api","responseContentType":"application/json","parameters":[{"vendorName":"token","vendorType":"header","name":"token","type":"header","description":"License key obtained from EskomSePush","required":true,"dataType":"string","vendorDataType":"string","source":"request","createdDate":"2023-01-12T06:24:55Z","updatedDate":"2023-01-12T06:42:48Z"}],"hooks":[],"standardResourceName":"status","curated":{},"operation":"List"}]}