{"name":"topics_nearby","path":"/topics_nearby","elementKey":"designthejpanda-api-eskomsepush","displayName":"Topics Nearby","section":"","category":"","type":"standard","subType":"standard","custom":"no","deleted":false,"createdDate":"2023-01-12T06:31:09Z","updatedDate":"2023-01-12T06:42:48Z","metadata":{"method":{"GET":{"path":"/topics_nearby","method":"GET","description":"Search for Topics Nearby","operationId":"getTopics_nearby","operation":"List","parameters":[{"name":"lon","type":"query","description":"Longitude","required":true,"dataType":"string"},{"name":"lat","type":"query","description":"Latitude","required":true,"dataType":"string"}]}}},"fields":{},"resources":[{"path":"/topics_nearby","vendorPath":"/topics_nearby","method":"GET","vendorMethod":"GET","description":"Search for Topics Nearby","createdDate":"2023-01-12T06:31:09Z","updatedDate":"2023-01-12T06:42:48Z","type":"api","responseContentType":"application/json","parameters":[{"vendorName":"lon","vendorType":"query","name":"lon","type":"query","description":"Longitude","required":true,"dataType":"string","vendorDataType":"string","source":"request","createdDate":"2023-01-12T06:31:37Z","updatedDate":"2023-01-12T06:42:48Z"},{"vendorName":"token","vendorType":"header","name":"token","type":"header","description":"License key obtained from EskomSePush","required":true,"dataType":"string","vendorDataType":"string","source":"request","createdDate":"2023-01-12T06:31:37Z","updatedDate":"2023-01-12T06:42:48Z"},{"vendorName":"lat","vendorType":"query","name":"lat","type":"query","description":"Latitude","required":true,"dataType":"string","vendorDataType":"string","source":"request","createdDate":"2023-01-12T06:31:37Z","updatedDate":"2023-01-12T06:42:48Z"}],"hooks":[],"standardResourceName":"topics_nearby","curated":{},"operation":"List"}]}