{"name":"EskomSePush","key":"designthejpanda-api-eskomsepush","image":"https://connector-images.es-eunorth-prod-0.aws-eunp.cloudelements.app/489dfef8-762a-448e-a845-ccf419de088f.png","description":"The ESP API allows users to collect information available on the mobile app commonly used in South Africa to monitor loadshedding schedules. This connector will ingest the license key, regardless of the commercial agreement with ESP that it is tied to.\n\nPlease consult the ESP terms and conditions before creating the API license key to ensure that you are not in breach of their policies.","hasCustomObjectDiscovery":false,"hasCustomFieldDiscovery":false,"hasObjectDiscovery":false,"hasFieldDiscovery":false,"hasExtensions":false,"vendorAPIType":"REST","appName":"eskomsepush","vendorName":"api","lifecycleStage":"PREVIEW","discoveryType":"static","tags":"custom","hasEvents":false,"isActive":true,"isPrivate":true}