{"name":"EskomSePush","key":"designthejpanda-api-eskomsepush","description":"The ESP API allows users to collect information available on the mobile app commonly used in South Africa to monitor loadshedding schedules. This connector will ingest the license key, regardless of the commercial agreement with ESP that it is tied to.\n\nPlease consult the ESP terms and conditions before creating the API license key to ensure that you are not in breach of their policies.","image":"https://connector-images.es-eunorth-prod-0.aws-eunp.cloudelements.app/489dfef8-762a-448e-a845-ccf419de088f.png","protocolType":"http","oauthRefreshTokenInterval":0,"deleted":false,"createdDate":"2023-01-12T06:15:19Z","updatedDate":"2023-01-12T06:42:48Z","hide":false,"authentication":{"type":"none"},"configuration":[{"name":"Base URL","key":"base.url","description":"Base URL","defaultValue":"https://developer.sepush.co.za/business/2.0","deleted":false,"required":false,"type":"TEXTFIELD_1000","createdDate":"2023-01-12T06:15:19Z","updatedDate":"2023-01-12T06:42:48Z","displayOrder":1,"hide":true,"groupControl":false,"internal":false},{"name":"Instance Variables","key":"instance.variables","description":"Instance Variables","deleted":false,"required":false,"type":"CODE_EDITOR","createdDate":"2023-01-12T06:15:19Z","updatedDate":"2023-01-12T06:42:48Z","displayOrder":1000,"hide":false,"groupControl":false,"internal":false},{"name":"Synchronous Bulk Notification","key":"synchronous.bulk.notification","description":"Enables synchronous bulk callback notification","defaultValue":"true","deleted":false,"required":false,"type":"BOOLEAN","createdDate":"2023-01-12T06:15:19Z","updatedDate":"2023-01-12T06:42:48Z","displayOrder":1000,"hide":false,"groupControl":false,"internal":false},{"name":"Connection Identity Lookup Key","key":"connection.identity.lookup.key","description":"A JSON path type string value, possibly with dot notation. Helps to retrieve the connection identity while provisioning, then stored on element instance.  For example 'data.email' or 'email'","deleted":false,"required":false,"type":"TEXTFIELD_1000","createdDate":"2023-01-12T06:15:19Z","updatedDate":"2023-01-12T06:42:48Z","displayOrder":1000,"hide":false,"groupControl":false,"internal":false},{"name":"Event notification basic password","key":"event.notification.basic.password","description":"Event notification basic password","deleted":false,"required":false,"type":"PASSWORD","createdDate":"2023-01-12T06:15:19Z","updatedDate":"2023-01-12T06:42:48Z","displayOrder":1000,"hide":false,"groupControl":false,"internal":false},{"name":"Event notification callback headers","key":"event.notification.callback.headers","description":"Event notification callback headers","deleted":false,"required":false,"type":"TEXTFIELD_128","createdDate":"2023-01-12T06:15:19Z","updatedDate":"2023-01-12T06:42:48Z","displayOrder":1000,"hide":false,"groupControl":false,"internal":false},{"name":"Event notifications enable","key":"event.notification.enabled","description":"Event notifications enable","defaultValue":"false","deleted":false,"required":false,"type":"BOOLEAN","createdDate":"2023-01-12T06:15:19Z","updatedDate":"2023-01-12T06:42:48Z","displayOrder":1000,"hide":true,"groupControl":false,"internal":false},{"name":"Event poller resources configuration","key":"event.poller.configuration","description":"Event poller resources configuration","defaultValue":"{}","deleted":false,"required":false,"type":"TEXTAREA","createdDate":"2023-01-12T06:15:19Z","updatedDate":"2023-01-12T06:42:48Z","displayOrder":1000,"hide":true,"groupControl":false,"internal":false},{"name":"Event poller refresh interval","key":"event.poller.refresh_interval","description":"Set time interval for polling vendor application (in minutes)","defaultValue":"15","deleted":false,"required":false,"type":"TEXTFIELD_32","createdDate":"2023-01-12T06:15:19Z","updatedDate":"2023-01-12T06:42:48Z","displayOrder":1000,"hide":true,"groupControl":false,"internal":false},{"name":"Pagination","key":"pagination","description":"Pagination","defaultValue":"{\"minPageSize\":1,\"maxPageSize\":200,\"defaultPageSize\":200}","deleted":false,"required":false,"type":"TEXTFIELD_32","createdDate":"2023-01-12T06:15:19Z","updatedDate":"2023-01-12T06:42:48Z","displayOrder":1,"hide":false,"groupControl":false,"configScreenType":"none","internal":false},{"name":"Pagination type","key":"pagination.type","description":"Pagination type","defaultValue":"page","deleted":false,"required":false,"type":"TEXTFIELD_32","createdDate":"2023-01-12T06:15:19Z","updatedDate":"2023-01-12T06:42:48Z","displayOrder":1,"hide":false,"groupControl":false,"configScreenType":"none","internal":false},{"name":"Max page size (or limit)","key":"pagination.max","description":"The maximum number of records the API provider returns in a response","defaultValue":"100","deleted":false,"required":false,"type":"TEXTFIELD_32","createdDate":"2023-01-12T06:15:19Z","updatedDate":"2023-01-12T06:42:48Z","displayOrder":1,"hide":false,"groupControl":false,"configScreenType":"none","internal":false},{"name":"Decode Authorization OAuth Code","key":"oauth.decode.authorization.code","description":"Used in the token exchange API call to specify if the authorization code should be base64 decoded","defaultValue":"false","deleted":false,"required":false,"type":"BOOLEAN","createdDate":"2023-01-12T06:15:19Z","updatedDate":"2023-01-12T06:42:48Z","displayOrder":1000,"hide":true,"groupControl":false,"internal":false},{"name":"Filter null values from the response","key":"filter.response.nulls","description":"Used to enable/disable filtering of null values from the responses","defaultValue":"true","deleted":false,"required":false,"type":"BOOLEAN","createdDate":"2023-01-12T06:15:19Z","updatedDate":"2023-01-12T06:42:48Z","displayOrder":1000,"hide":false,"groupControl":false,"internal":false},{"name":"Default select fields","key":"default.select.fields.map","description":"Generic map used to specify default fields for bulk download and GET /all requests. Each key should be the canonical objectName and values may be specified as a comma-delimited string or a list of strings","deleted":false,"required":false,"type":"TEXTAREA","createdDate":"2023-01-12T06:15:19Z","updatedDate":"2023-01-12T06:42:48Z","displayOrder":1000,"hide":false,"groupControl":false,"internal":false},{"name":"Event notification signature key","key":"event.notification.signature.key","description":"Event notification signature key","deleted":false,"required":false,"type":"TEXTFIELD_128","createdDate":"2023-01-12T06:15:19Z","updatedDate":"2023-01-12T06:42:48Z","displayOrder":1000,"hide":true,"groupControl":false,"internal":false},{"name":"Event notification basic user name","key":"event.notification.basic.username","description":"Event notification basic user name","deleted":false,"required":false,"type":"TEXTFIELD_128","createdDate":"2023-01-12T06:15:19Z","updatedDate":"2023-01-12T06:42:48Z","displayOrder":1000,"hide":false,"groupControl":false,"internal":false}],"resources":[{"path":"/topics_nearby","vendorPath":"/topics_nearby","method":"GET","vendorMethod":"GET","description":"Search for Topics Nearby","createdDate":"2023-01-12T06:31:09Z","updatedDate":"2023-01-12T06:42:48Z","type":"api","responseContentType":"application/json","parameters":[{"vendorName":"lon","vendorType":"query","name":"lon","type":"query","description":"Longitude","required":true,"dataType":"string","vendorDataType":"string","source":"request","createdDate":"2023-01-12T06:31:37Z","updatedDate":"2023-01-12T06:42:48Z"},{"vendorName":"token","vendorType":"header","name":"token","type":"header","description":"License key obtained from EskomSePush","required":true,"dataType":"string","vendorDataType":"string","source":"request","createdDate":"2023-01-12T06:31:37Z","updatedDate":"2023-01-12T06:42:48Z"},{"vendorName":"lat","vendorType":"query","name":"lat","type":"query","description":"Latitude","required":true,"dataType":"string","vendorDataType":"string","source":"request","createdDate":"2023-01-12T06:31:37Z","updatedDate":"2023-01-12T06:42:48Z"}],"hooks":[],"standardResourceName":"topics_nearby","curated":{},"operation":"List"},{"path":"/areas_nearby","vendorPath":"/areas_nearby","method":"GET","vendorMethod":"GET","description":"Search for Areas Nearby (GPS)","createdDate":"2023-01-12T06:26:00Z","updatedDate":"2023-01-12T06:42:48Z","type":"api","responseContentType":"application/json","parameters":[{"vendorName":"lat","vendorType":"query","name":"lat","type":"query","description":"Latitude","required":true,"dataType":"string","vendorDataType":"string","source":"request","createdDate":"2023-01-12T06:26:41Z","updatedDate":"2023-01-12T06:42:48Z"},{"vendorName":"token","vendorType":"header","name":"token","type":"header","description":"License key obtained from EskomSePush","required":true,"dataType":"string","vendorDataType":"string","source":"request","createdDate":"2023-01-12T06:26:18Z","updatedDate":"2023-01-12T06:42:48Z"},{"vendorName":"lon","vendorType":"query","name":"lon","type":"query","description":"Longitude","required":true,"dataType":"string","vendorDataType":"string","source":"request","createdDate":"2023-01-12T06:26:54Z","updatedDate":"2023-01-12T06:42:48Z"}],"hooks":[],"standardResourceName":"areas_nearby","curated":{},"operation":"List"},{"path":"/status","vendorPath":"/status","method":"GET","vendorMethod":"GET","description":"Search for Status","createdDate":"2023-01-12T06:24:10Z","updatedDate":"2023-01-12T06:42:48Z","type":"api","responseContentType":"application/json","parameters":[{"vendorName":"token","vendorType":"header","name":"token","type":"header","description":"License key obtained from EskomSePush","required":true,"dataType":"string","vendorDataType":"string","source":"request","createdDate":"2023-01-12T06:24:55Z","updatedDate":"2023-01-12T06:42:48Z"}],"hooks":[],"standardResourceName":"status","curated":{},"operation":"List"},{"path":"/areas_search","vendorPath":"/areas_search","method":"GET","vendorMethod":"GET","description":"Search for Areas Search (text)","createdDate":"2023-01-12T06:28:34Z","updatedDate":"2023-01-12T06:42:48Z","type":"api","responseContentType":"application/json","parameters":[{"vendorName":"token","vendorType":"header","name":"token","type":"header","description":"License key obtained from EskomSePush","required":true,"dataType":"string","vendorDataType":"string","source":"request","createdDate":"2023-01-12T06:28:49Z","updatedDate":"2023-01-12T06:42:48Z"},{"vendorName":"text","vendorType":"query","name":"text","type":"query","description":"Searchable location","required":true,"dataType":"string","vendorDataType":"string","source":"request","createdDate":"2023-01-12T06:29:09Z","updatedDate":"2023-01-12T06:42:48Z"}],"hooks":[],"standardResourceName":"areas_search","curated":{},"operation":"List"},{"path":"/area","vendorPath":"/area","method":"GET","vendorMethod":"GET","description":"Search for Area Schedule","createdDate":"2023-01-12T06:34:15Z","updatedDate":"2023-01-12T06:42:48Z","type":"api","responseContentType":"application/json","parameters":[{"vendorName":"id","vendorType":"query","name":"id","type":"query","description":"ID of the area results should be returned for. The ID can be obtained from the Areas Nearby or Areas Search calls","required":true,"dataType":"string","vendorDataType":"string","source":"request","createdDate":"2023-01-12T06:35:24Z","updatedDate":"2023-01-12T06:42:48Z"},{"vendorName":"token","vendorType":"header","name":"token","type":"header","description":"License key obtained from EskomSePush","required":true,"dataType":"string","vendorDataType":"string","source":"request","createdDate":"2023-01-12T06:34:37Z","updatedDate":"2023-01-12T06:42:48Z"}],"hooks":[],"standardResourceName":"area","curated":{},"operation":"List"},{"path":"/api_allowance","vendorPath":"/api_allowance","method":"GET","vendorMethod":"GET","description":"Search for api_allowance","createdDate":"2023-01-12T06:16:12Z","updatedDate":"2023-01-12T06:42:48Z","type":"api","responseContentType":"application/json","parameters":[{"vendorName":"token","vendorType":"header","name":"token","type":"header","description":"License key obtained from EskomSePush","required":true,"dataType":"string","vendorDataType":"string","source":"request","createdDate":"2023-01-12T06:17:52Z","updatedDate":"2023-01-12T06:42:48Z"}],"hooks":[],"standardResourceName":"api_allowance","curated":{},"operation":"List"}],"parameters":[{"vendorName":"Accept","vendorType":"header","name":"application/json","type":"value","description":"The Accept header","createdDate":"2023-01-12T06:15:19Z","updatedDate":"2023-01-12T06:42:48Z"},{"vendorName":"Content-Type","vendorType":"header","name":"application/json","type":"value","description":"The Content-Type header","createdDate":"2023-01-12T06:15:19Z","updatedDate":"2023-01-12T06:42:48Z"}],"hooks":[],"publishStatus":"PUBLISHED","latestVersion":"1.1.0","latestVersionDate":"2023-01-12T06:42:51Z","applicationName":"eskomsepush","vendorName":"api","active":true,"beta":false,"bulkDownloadEnabled":false,"bulkUploadEnabled":false,"childTransformationsEnabled":false,"cloneable":true,"displayOrder":100,"elementMetadata":{"image":"https://connector-images.es-eunorth-prod-0.aws-eunp.cloudelements.app/489dfef8-762a-448e-a845-ccf419de088f.png","displayOrder":100,"active":true,"description":"The ESP API allows users to collect information available on the mobile app commonly used in South Africa to monitor loadshedding schedules. This connector will ingest the license key, regardless of the commercial agreement with ESP that it is tied to.\n\nPlease consult the ESP terms and conditions before creating the API license key to ensure that you are not in breach of their policies.","eventTypes":["polling"],"hasSandboxWarnings":false,"paginationMetadata":{},"authenticationTypes":["none"],"hub":"general","discovery":{"nativeObjectMetadataDiscovery":false,"objectDiscoverySupport":false,"vendorSupportCustomFieldsDiscovery":false,"supportCustomFieldsDiscovery":false,"nativeObjectDiscovery":false,"crudsSupport":false},"captured":false,"name":"EskomSePush","pollingResources":["events"],"api":{"version":"","vendorLatestVersion":"","vendorSupportUrl":"","type":"rest json","vendorSupportWebhooks":false,"vendorDocumentationUrl":"","contentType":"application/json"},"extendable":true,"bulk":{"download":false,"ceSupportNativeBulkDownload":false,"vendorSupportNativeBulkUpload":false,"upload":false,"ceSupportNativeBulkUpload":false,"vendorSupportNativeBulkDownload":false},"beta":false,"key":"designthejpanda-api-eskomsepush"},"extendable":true,"extended":false,"hub":"general","logo":"https://connector-images.es-eunorth-prod-0.aws-eunp.cloudelements.app/489dfef8-762a-448e-a845-ccf419de088f.png","oauthRefreshTokenRefreshInterval":0,"objects":[],"paginatorVersion":"v3","transformationEnabled":false,"trialAccount":false,"typeOauth":false,"useModelsForMetadata":false,"dirty":false}